"MCODE::Clusters (1)","MCODE::Node Status (1)","MCODE::Score (1)","name","selected","shared name"
,"Unclustered","0.0","A1CF","false","A1CF"
"Cluster 0","Clustered","3.0","APOBEC1","false","APOBEC1"
"Cluster 0","Clustered","2.0","ACTL6A","false","ACTL6A"
"Cluster 0","Clustered","1.6666666666666667","CHAF1A","false","CHAF1A"
"Cluster 0","Clustered","2.0","VPS72","false","VPS72"
"Cluster 0","Clustered","2.0","MRGBP","false","MRGBP"
,"Unclustered","0.0","ANP32E","false","ANP32E"
,"Unclustered","0.0","ACTL6B","false","ACTL6B"
,"Unclustered","0.0","DPF1","false","DPF1"
"Cluster 0","Clustered","3.0","APOBEC3B","false","APOBEC3B"
"Cluster 0","Clustered","3.0","APOBEC3A","false","APOBEC3A"
"Cluster 0","Seed","3.0","APOBEC2","false","APOBEC2"
"Cluster 0","Seed","2.0","ASF1B","false","ASF1B"
,"Unclustered","0.0","TONSL","false","TONSL"
"Cluster 0","Clustered","7.0","AURKB","true","AURKB"
"Cluster 0","Clustered","1.6666666666666667","CHAF1B","false","CHAF1B"
"Cluster 0","Clustered","7.0","AURKA","true","AURKA"
"Cluster 0","Clustered","7.0","PBK","true","PBK"
"Cluster 0","Clustered","7.0","TTK","true","TTK"
"Cluster 0","Clustered","7.0","PRC1","true","PRC1"
"Cluster 0","Clustered","7.0","TOP2A","true","TOP2A"
"Cluster 0","Clustered","7.0","CDK1","true","CDK1"
,"Unclustered","1.9487179487179487","BRCA1","false","BRCA1"
"Cluster 0","Seed","7.0","BUB1","true","BUB1"
,"Unclustered","2.142857142857143","CDC6","false","CDC6"
,"Unclustered","2.7142857142857144","BARD1","false","BARD1"
,"Unclustered","1.2","UHRF1","false","UHRF1"
,"Unclustered","5.0","HJURP","false","HJURP"
"Cluster 0","Clustered","5.0","CBX8","false","CBX8"
"Cluster 0","Clustered","5.0","CBX2","false","CBX2"
"Cluster 0","Clustered","5.0","CBX4","false","CBX4"
"Cluster 0","Clustered","4.0","PCNA","false","PCNA"
,"Unclustered","1.4","PRKDC","false","PRKDC"
"Cluster 0","Clustered","3.238095238095238","RAD51","false","RAD51"
"Cluster 0","Seed","4.0","BRCA2","false","BRCA2"
"Cluster 0","Clustered","5.0","EZH2","false","EZH2"
,"Unclustered","0.5","CBX3","false","CBX3"
,"Unclustered","3.0","PARP1","false","PARP1"
,"Unclustered","1.6","CHEK1","false","CHEK1"
"Cluster 0","Clustered","5.0","CBX7","false","CBX7"
"Cluster 0","Seed","5.0","SCML2","false","SCML2"
"Cluster 0","Clustered","4.0","DNMT3A","false","DNMT3A"
,"Unclustered","0.0","L3MBTL1","false","L3MBTL1"
,"Unclustered","3.0","DBF4","false","DBF4"
,"Unclustered","2.7","ORC1","false","ORC1"
,"Unclustered","0.0","GADD45B","false","GADD45B"
,"Unclustered","2.0","LMNB1","false","LMNB1"
,"Unclustered","0.6666666666666666","ERCC6L","false","ERCC6L"
,"Unclustered","0.0","CHD1L","false","CHD1L"
,"Unclustered","0.6666666666666666","UBE2T","false","UBE2T"
,"Unclustered","3.0","DNMT3B","false","DNMT3B"
,"Unclustered","3.0","DNMT3L","false","DNMT3L"
,"Unclustered","0.0","HELLS","false","HELLS"
,"Unclustered","0.6666666666666666","DNTT","false","DNTT"
,"Unclustered","2.0","RMI1","false","RMI1"
,"Unclustered","0.0","EXOSC4","false","EXOSC4"
,"Unclustered","0.0","EXOSC5","false","EXOSC5"
,"Unclustered","0.0","FOXP3","false","FOXP3"
,"Unclustered","0.0","FOXA1","false","FOXA1"
,"Unclustered","0.0","TFF1","false","TFF1"
,"Unclustered","2.0","HLTF","false","HLTF"
,"Unclustered","0.0","HMGA1","false","HMGA1"
,"Unclustered","0.0","HMGA2","false","HMGA2"
,"Unclustered","0.0","LMNB2","false","LMNB2"
,"Unclustered","0.0","RAD54B","false","RAD54B"
,"Unclustered","0.0","RAD54L","false","RAD54L"
,"Unclustered","0.0","TDRD12","false","TDRD12"
,"Unclustered","0.0","TDRKH","false","TDRKH"
